Lorem Picsum,Unsplash Source,LoremFlickr
https://picsum.photos/200/300.jpg?random=1,https://source.unsplash.com/user/erondu/200x300?random1.jpg,https://loremflickr.com/320/240?random=1&dummy.jpg
https://picsum.photos/200/300.jpg?random=2,https://source.unsplash.com/user/erondu/200x300?random2.jpg,https://loremflickr.com/320/240?random=2&dummy.jpg
https://picsum.photos/200/300.jpg?random=3,https://source.unsplash.com/user/erondu/200x300?random3.jpg,https://loremflickr.com/320/240?random=3&dummy.jpg
https://picsum.photos/200/300.jpg?random=4,https://source.unsplash.com/user/erondu/200x300?random4.jpg,https://loremflickr.com/320/240?random=4&dummy.jpg
https://picsum.photos/200/300.jpg?random=5,https://source.unsplash.com/user/erondu/200x300?random5.jpg,https://loremflickr.com/320/240?random=5&dummy.jpg
https://picsum.photos/200/300.jpg?random=6,https://source.unsplash.com/user/erondu/200x300?random6.jpg,https://loremflickr.com/320/240?random=6&dummy.jpg
https://picsum.photos/200/300.jpg?random=7,https://source.unsplash.com/user/erondu/200x300?random7.jpg,https://loremflickr.com/320/240?random=7&dummy.jpg
https://picsum.photos/200/300.jpg?random=8,https://source.unsplash.com/user/erondu/200x300?random8.jpg,https://loremflickr.com/320/240?random=8&dummy.jpg
https://picsum.photos/200/300.jpg?random=9,https://source.unsplash.com/user/erondu/200x300?random9.jpg,https://loremflickr.com/320/240?random=9&dummy.jpg
https://picsum.photos/200/300.jpg?random=10,https://source.unsplash.com/user/erondu/200x300?random10.jpg,https://loremflickr.com/320/240?random=10&dummy.jpg
https://picsum.photos/200/300.jpg?random=11,https://source.unsplash.com/user/erondu/200x300?random11.jpg,https://loremflickr.com/320/240?random=11&dummy.jpg
https://picsum.photos/200/300.jpg?random=12,https://source.unsplash.com/user/erondu/200x300?random12.jpg,https://loremflickr.com/320/240?random=12&dummy.jpg
https://picsum.photos/200/300.jpg?random=13,https://source.unsplash.com/user/erondu/200x300?random13.jpg,https://loremflickr.com/320/240?random=13&dummy.jpg
https://picsum.photos/200/300.jpg?random=14,https://source.unsplash.com/user/erondu/200x300?random14.jpg,https://loremflickr.com/320/240?random=14&dummy.jpg
https://picsum.photos/200/300.jpg?random=15,https://source.unsplash.com/user/erondu/200x300?random15.jpg,https://loremflickr.com/320/240?random=15&dummy.jpg
https://picsum.photos/200/300.jpg?random=16,https://source.unsplash.com/user/erondu/200x300?random16.jpg,https://loremflickr.com/320/240?random=16&dummy.jpg
https://picsum.photos/200/300.jpg?random=17,https://source.unsplash.com/user/erondu/200x300?random17.jpg,https://loremflickr.com/320/240?random=17&dummy.jpg
https://picsum.photos/200/300.jpg?random=18,https://source.unsplash.com/user/erondu/200x300?random18.jpg,https://loremflickr.com/320/240?random=18&dummy.jpg
https://picsum.photos/200/300.jpg?random=19,https://source.unsplash.com/user/erondu/200x300?random19.jpg,https://loremflickr.com/320/240?random=19&dummy.jpg
https://picsum.photos/200/300.jpg?random=20,https://source.unsplash.com/user/erondu/200x300?random20.jpg,https://loremflickr.com/320/240?random=20&dummy.jpg
https://picsum.photos/200/300.jpg?random=21,https://source.unsplash.com/user/erondu/200x300?random21.jpg,https://loremflickr.com/320/240?random=21&dummy.jpg
https://picsum.photos/200/300.jpg?random=22,https://source.unsplash.com/user/erondu/200x300?random22.jpg,https://loremflickr.com/320/240?random=22&dummy.jpg
https://picsum.photos/200/300.jpg?random=23,https://source.unsplash.com/user/erondu/200x300?random23.jpg,https://loremflickr.com/320/240?random=23&dummy.jpg
https://picsum.photos/200/300.jpg?random=24,https://source.unsplash.com/user/erondu/200x300?random24.jpg,https://loremflickr.com/320/240?random=24&dummy.jpg
https://picsum.photos/200/300.jpg?random=25,https://source.unsplash.com/user/erondu/200x300?random25.jpg,https://loremflickr.com/320/240?random=25&dummy.jpg
https://picsum.photos/200/300.jpg?random=26,https://source.unsplash.com/user/erondu/200x300?random26.jpg,https://loremflickr.com/320/240?random=26&dummy.jpg
https://picsum.photos/200/300.jpg?random=27,https://source.unsplash.com/user/erondu/200x300?random27.jpg,https://loremflickr.com/320/240?random=27&dummy.jpg
https://picsum.photos/200/300.jpg?random=28,https://source.unsplash.com/user/erondu/200x300?random28.jpg,https://loremflickr.com/320/240?random=28&dummy.jpg
https://picsum.photos/200/300.jpg?random=29,https://source.unsplash.com/user/erondu/200x300?random29.jpg,https://loremflickr.com/320/240?random=29&dummy.jpg
https://picsum.photos/200/300.jpg?random=30,https://source.unsplash.com/user/erondu/200x300?random30.jpg,https://loremflickr.com/320/240?random=30&dummy.jpg
https://picsum.photos/200/300.jpg?random=31,https://source.unsplash.com/user/erondu/200x300?random31.jpg,https://loremflickr.com/320/240?random=31&dummy.jpg
https://picsum.photos/200/300.jpg?random=32,https://source.unsplash.com/user/erondu/200x300?random32.jpg,https://loremflickr.com/320/240?random=32&dummy.jpg
https://picsum.photos/200/300.jpg?random=33,https://source.unsplash.com/user/erondu/200x300?random33.jpg,https://loremflickr.com/320/240?random=33&dummy.jpg
https://picsum.photos/200/300.jpg?random=34,https://source.unsplash.com/user/erondu/200x300?random34.jpg,https://loremflickr.com/320/240?random=34&dummy.jpg
https://picsum.photos/200/300.jpg?random=35,https://source.unsplash.com/user/erondu/200x300?random35.jpg,https://loremflickr.com/320/240?random=35&dummy.jpg
https://picsum.photos/200/300.jpg?random=36,https://source.unsplash.com/user/erondu/200x300?random36.jpg,https://loremflickr.com/320/240?random=36&dummy.jpg
https://picsum.photos/200/300.jpg?random=37,https://source.unsplash.com/user/erondu/200x300?random37.jpg,https://loremflickr.com/320/240?random=37&dummy.jpg
https://picsum.photos/200/300.jpg?random=38,https://source.unsplash.com/user/erondu/200x300?random38.jpg,https://loremflickr.com/320/240?random=38&dummy.jpg
https://picsum.photos/200/300.jpg?random=39,https://source.unsplash.com/user/erondu/200x300?random39.jpg,https://loremflickr.com/320/240?random=39&dummy.jpg
https://picsum.photos/200/300.jpg?random=40,https://source.unsplash.com/user/erondu/200x300?random40.jpg,https://loremflickr.com/320/240?random=40&dummy.jpg
https://picsum.photos/200/300.jpg?random=41,https://source.unsplash.com/user/erondu/200x300?random41.jpg,https://loremflickr.com/320/240?random=41&dummy.jpg
https://picsum.photos/200/300.jpg?random=42,https://source.unsplash.com/user/erondu/200x300?random42.jpg,https://loremflickr.com/320/240?random=42&dummy.jpg
https://picsum.photos/200/300.jpg?random=43,https://source.unsplash.com/user/erondu/200x300?random43.jpg,https://loremflickr.com/320/240?random=43&dummy.jpg
https://picsum.photos/200/300.jpg?random=44,https://source.unsplash.com/user/erondu/200x300?random44.jpg,https://loremflickr.com/320/240?random=44&dummy.jpg
https://picsum.photos/200/300.jpg?random=45,https://source.unsplash.com/user/erondu/200x300?random45.jpg,https://loremflickr.com/320/240?random=45&dummy.jpg
https://picsum.photos/200/300.jpg?random=46,https://source.unsplash.com/user/erondu/200x300?random46.jpg,https://loremflickr.com/320/240?random=46&dummy.jpg
https://picsum.photos/200/300.jpg?random=47,https://source.unsplash.com/user/erondu/200x300?random47.jpg,https://loremflickr.com/320/240?random=47&dummy.jpg
https://picsum.photos/200/300.jpg?random=48,https://source.unsplash.com/user/erondu/200x300?random48.jpg,https://loremflickr.com/320/240?random=48&dummy.jpg
https://picsum.photos/200/300.jpg?random=49,https://source.unsplash.com/user/erondu/200x300?random49.jpg,https://loremflickr.com/320/240?random=49&dummy.jpg
https://picsum.photos/200/300.jpg?random=50,https://source.unsplash.com/user/erondu/200x300?random50.jpg,https://loremflickr.com/320/240?random=50&dummy.jpg
https://picsum.photos/200/300.jpg?random=51,https://source.unsplash.com/user/erondu/200x300?random51.jpg,https://loremflickr.com/320/240?random=51&dummy.jpg
https://picsum.photos/200/300.jpg?random=52,https://source.unsplash.com/user/erondu/200x300?random52.jpg,https://loremflickr.com/320/240?random=52&dummy.jpg
https://picsum.photos/200/300.jpg?random=53,https://source.unsplash.com/user/erondu/200x300?random53.jpg,https://loremflickr.com/320/240?random=53&dummy.jpg
https://picsum.photos/200/300.jpg?random=54,https://source.unsplash.com/user/erondu/200x300?random54.jpg,https://loremflickr.com/320/240?random=54&dummy.jpg
https://picsum.photos/200/300.jpg?random=55,https://source.unsplash.com/user/erondu/200x300?random55.jpg,https://loremflickr.com/320/240?random=55&dummy.jpg
https://picsum.photos/200/300.jpg?random=56,https://source.unsplash.com/user/erondu/200x300?random56.jpg,https://loremflickr.com/320/240?random=56&dummy.jpg
https://picsum.photos/200/300.jpg?random=57,https://source.unsplash.com/user/erondu/200x300?random57.jpg,https://loremflickr.com/320/240?random=57&dummy.jpg
https://picsum.photos/200/300.jpg?random=58,https://source.unsplash.com/user/erondu/200x300?random58.jpg,https://loremflickr.com/320/240?random=58&dummy.jpg
https://picsum.photos/200/300.jpg?random=59,https://source.unsplash.com/user/erondu/200x300?random59.jpg,https://loremflickr.com/320/240?random=59&dummy.jpg
https://picsum.photos/200/300.jpg?random=60,https://source.unsplash.com/user/erondu/200x300?random60.jpg,https://loremflickr.com/320/240?random=60&dummy.jpg
https://picsum.photos/200/300.jpg?random=61,https://source.unsplash.com/user/erondu/200x300?random61.jpg,https://loremflickr.com/320/240?random=61&dummy.jpg
https://picsum.photos/200/300.jpg?random=62,https://source.unsplash.com/user/erondu/200x300?random62.jpg,https://loremflickr.com/320/240?random=62&dummy.jpg
https://picsum.photos/200/300.jpg?random=63,https://source.unsplash.com/user/erondu/200x300?random63.jpg,https://loremflickr.com/320/240?random=63&dummy.jpg
https://picsum.photos/200/300.jpg?random=64,https://source.unsplash.com/user/erondu/200x300?random64.jpg,https://loremflickr.com/320/240?random=64&dummy.jpg
https://picsum.photos/200/300.jpg?random=65,https://source.unsplash.com/user/erondu/200x300?random65.jpg,https://loremflickr.com/320/240?random=65&dummy.jpg
https://picsum.photos/200/300.jpg?random=66,https://source.unsplash.com/user/erondu/200x300?random66.jpg,https://loremflickr.com/320/240?random=66&dummy.jpg
https://picsum.photos/200/300.jpg?random=67,https://source.unsplash.com/user/erondu/200x300?random67.jpg,https://loremflickr.com/320/240?random=67&dummy.jpg
https://picsum.photos/200/300.jpg?random=68,https://source.unsplash.com/user/erondu/200x300?random68.jpg,https://loremflickr.com/320/240?random=68&dummy.jpg
https://picsum.photos/200/300.jpg?random=69,https://source.unsplash.com/user/erondu/200x300?random69.jpg,https://loremflickr.com/320/240?random=69&dummy.jpg
https://picsum.photos/200/300.jpg?random=70,https://source.unsplash.com/user/erondu/200x300?random70.jpg,https://loremflickr.com/320/240?random=70&dummy.jpg
https://picsum.photos/200/300.jpg?random=71,https://source.unsplash.com/user/erondu/200x300?random71.jpg,https://loremflickr.com/320/240?random=71&dummy.jpg
https://picsum.photos/200/300.jpg?random=72,https://source.unsplash.com/user/erondu/200x300?random72.jpg,https://loremflickr.com/320/240?random=72&dummy.jpg
https://picsum.photos/200/300.jpg?random=73,https://source.unsplash.com/user/erondu/200x300?random73.jpg,https://loremflickr.com/320/240?random=73&dummy.jpg
https://picsum.photos/200/300.jpg?random=74,https://source.unsplash.com/user/erondu/200x300?random74.jpg,https://loremflickr.com/320/240?random=74&dummy.jpg
https://picsum.photos/200/300.jpg?random=75,https://source.unsplash.com/user/erondu/200x300?random75.jpg,https://loremflickr.com/320/240?random=75&dummy.jpg
https://picsum.photos/200/300.jpg?random=76,https://source.unsplash.com/user/erondu/200x300?random76.jpg,https://loremflickr.com/320/240?random=76&dummy.jpg
https://picsum.photos/200/300.jpg?random=77,https://source.unsplash.com/user/erondu/200x300?random77.jpg,https://loremflickr.com/320/240?random=77&dummy.jpg
https://picsum.photos/200/300.jpg?random=78,https://source.unsplash.com/user/erondu/200x300?random78.jpg,https://loremflickr.com/320/240?random=78&dummy.jpg
https://picsum.photos/200/300.jpg?random=79,https://source.unsplash.com/user/erondu/200x300?random79.jpg,https://loremflickr.com/320/240?random=79&dummy.jpg
https://picsum.photos/200/300.jpg?random=80,https://source.unsplash.com/user/erondu/200x300?random80.jpg,https://loremflickr.com/320/240?random=80&dummy.jpg
https://picsum.photos/200/300.jpg?random=81,https://source.unsplash.com/user/erondu/200x300?random81.jpg,https://loremflickr.com/320/240?random=81&dummy.jpg
https://picsum.photos/200/300.jpg?random=82,https://source.unsplash.com/user/erondu/200x300?random82.jpg,https://loremflickr.com/320/240?random=82&dummy.jpg
https://picsum.photos/200/300.jpg?random=83,https://source.unsplash.com/user/erondu/200x300?random83.jpg,https://loremflickr.com/320/240?random=83&dummy.jpg
https://picsum.photos/200/300.jpg?random=84,https://source.unsplash.com/user/erondu/200x300?random84.jpg,https://loremflickr.com/320/240?random=84&dummy.jpg
https://picsum.photos/200/300.jpg?random=85,https://source.unsplash.com/user/erondu/200x300?random85.jpg,https://loremflickr.com/320/240?random=85&dummy.jpg
https://picsum.photos/200/300.jpg?random=86,https://source.unsplash.com/user/erondu/200x300?random86.jpg,https://loremflickr.com/320/240?random=86&dummy.jpg
https://picsum.photos/200/300.jpg?random=87,https://source.unsplash.com/user/erondu/200x300?random87.jpg,https://loremflickr.com/320/240?random=87&dummy.jpg
https://picsum.photos/200/300.jpg?random=88,https://source.unsplash.com/user/erondu/200x300?random88.jpg,https://loremflickr.com/320/240?random=88&dummy.jpg
https://picsum.photos/200/300.jpg?random=89,https://source.unsplash.com/user/erondu/200x300?random89.jpg,https://loremflickr.com/320/240?random=89&dummy.jpg
https://picsum.photos/200/300.jpg?random=90,https://source.unsplash.com/user/erondu/200x300?random90.jpg,https://loremflickr.com/320/240?random=90&dummy.jpg
https://picsum.photos/200/300.jpg?random=91,https://source.unsplash.com/user/erondu/200x300?random91.jpg,https://loremflickr.com/320/240?random=91&dummy.jpg
https://picsum.photos/200/300.jpg?random=92,https://source.unsplash.com/user/erondu/200x300?random92.jpg,https://loremflickr.com/320/240?random=92&dummy.jpg
https://picsum.photos/200/300.jpg?random=93,https://source.unsplash.com/user/erondu/200x300?random93.jpg,https://loremflickr.com/320/240?random=93&dummy.jpg
https://picsum.photos/200/300.jpg?random=94,https://source.unsplash.com/user/erondu/200x300?random94.jpg,https://loremflickr.com/320/240?random=94&dummy.jpg
https://picsum.photos/200/300.jpg?random=95,https://source.unsplash.com/user/erondu/200x300?random95.jpg,https://loremflickr.com/320/240?random=95&dummy.jpg
https://picsum.photos/200/300.jpg?random=96,https://source.unsplash.com/user/erondu/200x300?random96.jpg,https://loremflickr.com/320/240?random=96&dummy.jpg
https://picsum.photos/200/300.jpg?random=97,https://source.unsplash.com/user/erondu/200x300?random97.jpg,https://loremflickr.com/320/240?random=97&dummy.jpg
https://picsum.photos/200/300.jpg?random=98,https://source.unsplash.com/user/erondu/200x300?random98.jpg,https://loremflickr.com/320/240?random=98&dummy.jpg
https://picsum.photos/200/300.jpg?random=99,https://source.unsplash.com/user/erondu/200x300?random99.jpg,https://loremflickr.com/320/240?random=99&dummy.jpg
https://picsum.photos/200/300.jpg?random=100,https://source.unsplash.com/user/erondu/200x300?random100.jpg,https://loremflickr.com/320/240?random=100&dummy.jpg
